{
  "enabled": true,
  "recipe": {
    "ingredientPattern": " X XXX X ",
    "ingredients": {
      "game:agedstonebricks-chert": {
        "type": "block",
        "code": "game:agedstonebricks-chert",
        "quantity": 1
      },
      "game:antler-angora-06": {
        "type": "item",
        "code": "game:antler-angora-06",
        "quantity": 1
      }
    },
    "width": 3,
    "height": 3,
    "output": {
      "type": "block",
      "code": "game:anvil-meteoriciron",
      "quantity": 1
    }
  }
}