{
  "enabled": true,
  "recipe": {
    "ingredientPattern": "   XXX   ",
    "ingredients": {
      "game:anchor-stone": {
        "type": "item",
        "code": "game:anchor-stone",
        "quantity": 1
      },
      "game:agedstonebricks-claystone": {
        "type": "block",
        "code": "game:agedstonebricks-claystone",
        "quantity": 1
      },
      "game:beam-ridge-creamclay-free": {
        "type": "block",
        "code": "game:beam-ridge-creamclay-free",
        "quantity": 1
      }
    },
    "width": 3,
    "height": 3,
    "output": {
      "type": "block",
      "code": "game:anvil-blackbronze",
      "quantity": 1
    }
  }
}